Workbook

Sheet Cover
A1: SPOTIFY TOP 100 — MUSIC TREND ANALYTICS
A3: Analisis Tren Musik • Spotify All-Time Top 100 • Data Analyst Portfolio Project
A4: Disusun oleh Rifal Azhar Permana
A6: TOTAL LAGU DIANALISIS | E6: TOTAL ARTIS UNIK | I6: TOTAL STREAMS
A7: =COUNTA('Raw Data'!B5:B104)&" Lagu" -> 100 Lagu | E7: =Dashboard!D17&" Artis" -> 80 Artis | I7: =TEXT(Dashboard!G17,"0.0")&" Miliar" -> 164 Miliar
A9: WHAT THIS FILE DEMONSTRATES
A10: • Saya menemukan dan memperbaiki bug data cleaning: 5 kolom numerik (total streams, danceability, energy, valence, acousticness) rusak karena salah dibaca sebagai format jam oleh Excel — saya rekonstruksi ulang nilainya dengan formula matematis, bukan asal hapus datanya.
A12: • Seluruh dashboard dibangun dengan formula hidup (SUMIF, COUNTIF, AVERAGEIF, SUMPRODUCT, RANK) — filter genre di Dashboard langsung mengubah semua KPI card secara otomatis.
A13: • Chart BPM vs Streams memakai scatter plot dari 100 data asli (bukan data rata-rata), untuk menunjukkan hubungan tempo lagu dengan popularitasnya secara jujur.
A15: Kontak: rifalazharpermana@gmail.com • https://www.linkedin.com/in/rifalazharpermana/ • Sumber data: Kaggle Spotify Wrapped Dataset
A17: WORKBOOK STRUCTURE | G17: TEKNIK & FORMULA YANG DIPAKAI
A18: Dashboard | C18: KPI interaktif, donut gauge, 4 chart, filter genre | G18: ✓ SUMIF / SUMIFS — agregasi data per kategori
A19: Raw Data | C19: 100 lagu — data mentah yang sudah dibersihkan | G19: ✓ COUNTIF / COUNTIFS — hitung distribusi & bucket
A20: Artist Analysis | C20: Peringkat 12 artis teratas berdasarkan streams | G20: ✓ AVERAGEIF / AVERAGEIFS — rata-rata bersyarat
A21: Genre Analysis | C21: Breakdown 8 genre teratas + kategori "Lainnya" | G21: ✓ SUMPRODUCT — hitung unique count & weighted average
A22: Audio Features | C22: Analisis BPM, danceability, energy, explicit vs clean | G22: ✓ RANK, INDEX/MATCH — peringkat & pencarian dinamis
A23: Year Trend | C23: Sebaran lagu per dekade rilis | G23: ✓ Data Validation — dropdown filter interaktif
A24: Summary | C24: Ringkasan metrik kunci + 5 insight tajam | G24: ✓ Conditional formatting & chart interaktif (bar, pie, scatter, donut)
A25: Calculations | C25: Tabel bantu yang menyalurkan data ke chart

Sheet Dashboard
A1: DASHBOARD ANALISIS TREN MUSIK SPOTIFY
A2: Spotify Top 100 All-Time • Periode Data: Terbaru (2025/2026) • Prepared by Rifal Azhar Permana
A3: Genre | B3: Semua Genre | D3: Pilih genre untuk memfilter KPI card & donut gauge. Chart utama selalu menampilkan seluruh data Top 100.
A5: RINGKASAN KARAKTER MUSIK (RATA-RATA TOP 100)
A6: Rata-rata Danceability | F6: Rata-rata Energy | K6: Lagu Bermuatan Eksplisit
I7: =TEXT(Dashboard!G17,"0.0")&" Miliar" -> 164 Miliar
A14: =Calculations!Q5&"%" -> 54% | F14: =Calculations!Q6&"%" -> 55% | K14: =Calculations!Q7&"%" -> 13%
A16: TOTAL LAGU | D16: TOTAL ARTIS UNIK | G16: TOTAL STREAMS (MILIAR) | J16: RATA-RATA BPM | M16: GENRE TERPOPULER
A17: =IF($B$3="Semua Genre",COUNTA('Raw Data'!$B$5:$B$104),COUNTIF('Raw Data'!$E$5:$E$104,$B$3)) -> 100 | D17: =IF($B$3="Semua Genre",SUMPRODUCT((COUNTIF('Raw Data'!$C$5:$C$104,'Raw Data'!$C$5:$C$104))^-1),SUMPRODUCT(('Raw Data'!$E$5:$E$104=$B$3)*1/(COUNTIFS('Raw Data'!$C$5:$C$104,'Raw Data'!$C$5:$C$104,'Raw Data'!$E$5:$E$104,$B$3)+('Raw Data'!$E$5:$E$104<>$B$3)))) -> 80 | G17: =IF($B$3="Semua Genre",SUM('Raw Data'!$D$5:$D$104),SUMIF('Raw Data'!$E$5:$E$104,$B$3,'Raw Data'!$D$5:$D$104)) -> 164.44 | J17: =IF($B$3="Semua Genre",AVERAGE('Raw Data'!$F$5:$F$104),AVERAGEIF('Raw Data'!$E$5:$E$104,$B$3,'Raw Data'!$F$5:$F$104)) -> 115.78 | M17: ='Genre Analysis'!A5 -> Pop
A19: TOP 10 ARTIS BERDASARKAN TOTAL STREAMS | I19: DISTRIBUSI GENRE (BERDASARKAN STREAMS)
A40: TREN JUMLAH LAGU BERDASARKAN DEKADE RILIS | I40: HUBUNGAN TEMPO (BPM) VS TOTAL STREAMS
A58: TOP 10 TRACKS
A59: Rank | C59: Judul Lagu | G59: Artis | K59: Genre | M59: Streams (Miliar) | O59: BPM | P59: Tahun
A60: ='Raw Data'!A5 -> 1 | C60: ='Raw Data'!B5 -> Blinding Lights | G60: ='Raw Data'!C5 -> The Weeknd | K60: ='Raw Data'!E5 -> Synth-Pop | M60: ='Raw Data'!D5 -> 3.26 | O60: ='Raw Data'!F5 -> 171 | P60: ='Raw Data'!G5 -> 2019
A61: ='Raw Data'!A6 -> 2 | C61: ='Raw Data'!B6 -> Shape of You | G61: ='Raw Data'!C6 -> Ed Sheeran | K61: ='Raw Data'!E6 -> Pop/Dancehall | M61: ='Raw Data'!D6 -> 2.49 | O61: ='Raw Data'!F6 -> 96 | P61: ='Raw Data'!G6 -> 2017
A62: ='Raw Data'!A7 -> 3 | C62: ='Raw Data'!B7 -> Someone You Loved | G62: ='Raw Data'!C7 -> Lewis Capaldi | K62: ='Raw Data'!E7 -> Pop | M62: ='Raw Data'!D7 -> 2.45 | O62: ='Raw Data'!F7 -> 77 | P62: ='Raw Data'!G7 -> 2018
A63: ='Raw Data'!A8 -> 4 | C63: ='Raw Data'!B8 -> Sunflower | G63: ='Raw Data'!C8 -> Post Malone & Swae Lee | K63: ='Raw Data'!E8 -> Hip-Hop/Pop | M63: ='Raw Data'!D8 -> 2.78 | O63: ='Raw Data'!F8 -> 93 | P63: ='Raw Data'!G8 -> 2018
A64: ='Raw Data'!A9 -> 5 | C64: ='Raw Data'!B9 -> One Dance | G64: ='Raw Data'!C9 -> Drake | K64: ='Raw Data'!E9 -> Afrobeats/Pop | M64: ='Raw Data'!D9 -> 2.72 | O64: ='Raw Data'!F9 -> 100 | P64: ='Raw Data'!G9 -> 2016
A65: ='Raw Data'!A10 -> 6 | C65: ='Raw Data'!B10 -> Stay | G65: ='Raw Data'!C10 -> The Kid LAROI & Justin Bieber | K65: ='Raw Data'!E10 -> Pop | M65: ='Raw Data'!D10 -> 2.67 | O65: ='Raw Data'!F10 -> 170 | P65: ='Raw Data'!G10 -> 2021
A66: ='Raw Data'!A11 -> 7 | C66: ='Raw Data'!B11 -> Believer | G66: ='Raw Data'!C11 -> Imagine Dragons | K66: ='Raw Data'!E11 -> Alt Rock | M66: ='Raw Data'!D11 -> 2.56 | O66: ='Raw Data'!F11 -> 125 | P66: ='Raw Data'!G11 -> 2017
A67: ='Raw Data'!A12 -> 8 | C67: ='Raw Data'!B12 -> Rockstar | G67: ='Raw Data'!C12 -> Post Malone ft. 21 Savage | K67: ='Raw Data'!E12 -> Hip-Hop | M67: ='Raw Data'!D12 -> 2.52 | O67: ='Raw Data'!F12 -> 159 | P67: ='Raw Data'!G12 -> 2017
A68: ='Raw Data'!A13 -> 9 | C68: ='Raw Data'!B13 -> Dance Monkey | G68: ='Raw Data'!C13 -> Tones and I | K68: ='Raw Data'!E13 -> Pop | M68: ='Raw Data'!D13 -> 2.49 | O68: ='Raw Data'!F13 -> 98 | P68: ='Raw Data'!G13 -> 2019
A69: ='Raw Data'!A14 -> 10 | C69: ='Raw Data'!B14 -> Happier | G69: ='Raw Data'!C14 -> Marshmello & Bastille | K69: ='Raw Data'!E14 -> EDM/Pop | M69: ='Raw Data'!D14 -> 2.45 | O69: ='Raw Data'!F14 -> 100 | P69: ='Raw Data'!G14 -> 2018
A72: KEY FINDINGS
A73: Gunakan filter genre di atas untuk membandingkan performa. Detail lengkap analisis artis, genre, tren dekade, dan audio feature ada di sheet analisis masing-masing.

Sheet Raw Data
A1: SPOTIFY TOP 100 — RAW DATA
A2: Sumber: Kaggle - Spotify Wrapped Dataset (dibersihkan) • 100 lagu, periode rilis 1985-2024
A4: Rank | B4: Judul Lagu | C4: Artis | D4: Total Streams (Miliar) | E4: Genre | F4: BPM | G4: Tahun Rilis | H4: Negara Asal | I4: Explicit | J4: Danceability | K4: Energy | L4: Valence | M4: Acousticness
A5: 1 | B5: Blinding Lights | C5: The Weeknd | D5: 3.26 | E5: Synth-Pop | F5: 171 | G5: 2019 | H5: Canada | I5: Tidak | J5: 0.51 | K5: 0.08 | L5: 0.33 | M5: 0
A6: 2 | B6: Shape of You | C6: Ed Sheeran | D6: 2.49 | E6: Pop/Dancehall | F6: 96 | G6: 2017 | H6: UK | I6: Tidak | J6: 0.83 | K6: 0.65 | L6: 0.93 | M6: 0.08
A7: 3 | B7: Someone You Loved | C7: Lewis Capaldi | D7: 2.45 | E7: Pop | F7: 77 | G7: 2018 | H7: UK | I7: =TEXT(Dashboard!G17,"0.0")&" Miliar" -> 164 Miliar | J7: 0.06 | K7: 0.45 | L7: 0.42 | M7: 0.29
A8: 4 | B8: Sunflower | C8: Post Malone & Swae Lee | D8: 2.78 | E8: Hip-Hop/Pop | F8: 93 | G8: 2018 | H8: USA | I8: Tidak | J8: 0.76 | K8: 0.49 | L8: 0.84 | M8: 0.15
A9: 5 | B9: One Dance | C9: Drake | D9: 2.72 | E9: Afrobeats/Pop | F9: 100 | G9: 2016 | H9: Canada | I9: Tidak | J9: 0.79 | K9: 0.62 | L9: 0.68 | M9: 0.09
A10: 6 | B10: Stay | C10: The Kid LAROI & Justin Bieber | D10: 2.67 | E10: Pop | F10: 170 | G10: 2021 | H10: Australia | I10: Ya | J10: 0.59 | K10: 0.08 | L10: 0.06 | M10: 0
A11: 7 | B11: Believer | C11: Imagine Dragons | D11: 2.56 | E11: Alt Rock | F11: 125 | G11: 2017 | H11: USA | I11: Tidak | J11: 0.33 | K11: 0.86 | L11: 0.45 | M11: 0.07
A12: 8 | B12: Rockstar | C12: Post Malone ft. 21 Savage | D12: 2.52 | E12: Hip-Hop | F12: 159 | G12: 2017 | H12: USA | I12: Ya | J12: 0.55 | K12: 0.52 | L12: 0.13 | M12: 0.08
A13: 9 | B13: Dance Monkey | C13: Tones and I | D13: 2.49 | E13: Pop | F13: 98 | G13: 2019 | H13: Australia | I13: Tidak | J13: 0.83 | K13: 0.63 | L13: 0.73 | M13: 0.14
A14: 10 | B14: Happier | C14: Marshmello & Bastille | D14: 2.45 | E14: EDM/Pop | F14: 100 | G14: 2018 | H14: USA/UK | I14: Tidak | J14: 0.62 | K14: 0.82 | L14: 0.96 | M14: 0.02
A15: 11 | B15: Senorita | C15: Shawn Mendes & Camila Cabello | D15: 2.42 | E15: Latin Pop | F15: 117 | G15: 2019 | H15: Canada/Cuba | I15: Tidak | J15: 0.75 | K15: 0.74 | L15: 0.75 | M15: 0.14
A16: 12 | B16: Watermelon Sugar | C16: Harry Styles | D16: 2.38 | E16: Indie Pop | F16: 95 | G16: 2019 | H16: UK | I16: Tidak | J16: 0.55 | K16: 0.82 | L16: 0.74 | M16: 0.12
A17: 13 | B17: Perfect | C17: Ed Sheeran | D17: 2.35 | E17: Pop/Folk | F17: 95 | G17: 2017 | H17: UK | I17: Tidak | J17: 0.66 | K17: 0.43 | L17: 0.41 | M17: 0.37
A18: 14 | B18: Levitating | C18: Dua Lipa | D18: 2.32 | E18: Nu-Disco | F18: 103 | G18: 2020 | H18: UK | I18: Tidak | J18: 0.07 | K18: 0.82 | L18: 0.91 | M18: 0
A19: 15 | B19: Heat Waves | C19: Glass Animals | D19: 1.84 | E19: Indie Pop | F19: 80 | G19: 2020 | H19: UK | I19: Tidak | J19: 0.51 | K19: 0.54 | L19: 0.58 | M19: 0.22
... A104: 100 | B104: Shake It Off | C104: Taylor Swift | D104: 0.66 | E104: Pop | F104: 160 | G104: 2014 | H104: USA | I104: Tidak | J104: 0.65 | K104: 0.08 | L104: 0.94 | M104: 0.06

Sheet Artist Analysis
A1: ARTIST ANALYSIS
A2: 12 artis dengan total streams tertinggi di Top 100
A4: Artis | B4: Jumlah Lagu di Top 100 | C4: Total Streams (Miliar) | D4: Rata-rata Streams/Lagu (Miliar) | E4: Rata-rata BPM | F4: Rata-rata Danceability | G4: Share dari Total Streams | H4: Rank
A5: Ed Sheeran | B5: =COUNTIF('Raw Data'!$C$5:$C$104,$A5) -> 5 | C5: =SUMIF('Raw Data'!$C$5:$C$104,$A5,'Raw Data'!$D$5:$D$104) -> 9.52 | D5: =C5/B5 -> 1.904 | E5: =AVERAGEIF('Raw Data'!$C$5:$C$104,$A5,'Raw Data'!$F$5:$F$104) -> 98.4 | F5: =AVERAGEIF('Raw Data'!$C$5:$C$104,$A5,'Raw Data'!$J$5:$J$104) -> 0.602 | G5: =C5/SUM('Raw Data'!$D$5:$D$104) -> 0.057893457 | H5: =RANK(C5,$C$5:$C$16) -> 1
A6: Harry Styles | B6: =COUNTIF('Raw Data'!$C$5:$C$104,$A6) -> 5 | C6: =SUMIF('Raw Data'!$C$5:$C$104,$A6,'Raw Data'!$D$5:$D$104) -> 7.58 | D6: =C6/B6 -> 1.516 | E6: =AVERAGEIF('Raw Data'!$C$5:$C$104,$A6,'Raw Data'!$F$5:$F$104) -> 111 | F6: =AVERAGEIF('Raw Data'!$C$5:$C$104,$A6,'Raw Data'!$J$5:$J$104) -> 0.418 | G6: =C6/SUM('Raw Data'!$D$5:$D$104) -> 0.04609584 | H6: =RANK(C6,$C$5:$C$16) -> 2
A7: The Weeknd | B7: =COUNTIF('Raw Data'!$C$5:$C$104,$A7) -> 3 | C7: =SUMIF('Raw Data'!$C$5:$C$104,$A7,'Raw Data'!$D$5:$D$104) -> 7.4 | D7: =C7/B7 -> 2.4666667 | E7: =AVERAGEIF('Raw Data'!$C$5:$C$104,$A7,'Raw Data'!$F$5:$F$104) -> 128 | F7: =AVERAGEIF('Raw Data'!$C$5:$C$104,$A7,'Raw Data'!$J$5:$J$104) -> 0.41 | G7: =C7/SUM('Raw Data'!$D$5:$D$104) -> 0.045001216 | H7: =RANK(C7,$C$5:$C$16) -> 3 | I7: =TEXT(Dashboard!G17,"0.0")&" Miliar" -> 164 Miliar
A8: Imagine Dragons | B8: =COUNTIF('Raw Data'!$C$5:$C$104,$A8) -> 3 | C8: =SUMIF('Raw Data'!$C$5:$C$104,$A8,'Raw Data'!$D$5:$D$104) -> 6.19 | D8: =C8/B8 -> 2.0633333 | E8: =AVERAGEIF('Raw Data'!$C$5:$C$104,$A8,'Raw Data'!$F$5:$F$104) -> 143 | F8: =AVERAGEIF('Raw Data'!$C$5:$C$104,$A8,'Raw Data'!$J$5:$J$104) -> 0.25666667 | G8: =C8/SUM('Raw Data'!$D$5:$D$104) -> 0.037642909 | H8: =RANK(C8,$C$5:$C$16) -> 4
A9: Taylor Swift | B9: =COUNTIF('Raw Data'!$C$5:$C$104,$A9) -> 3 | C9: =SUMIF('Raw Data'!$C$5:$C$104,$A9,'Raw Data'!$D$5:$D$104) -> 4.77 | D9: =C9/B9 -> 1.59 | E9: =AVERAGEIF('Raw Data'!$C$5:$C$104,$A9,'Raw Data'!$F$5:$F$104) -> 142.33333 | F9: =AVERAGEIF('Raw Data'!$C$5:$C$104,$A9,'Raw Data'!$J$5:$J$104) -> 0.61333333 | G9: =C9/SUM('Raw Data'!$D$5:$D$104) -> 0.029007541 | H9: =RANK(C9,$C$5:$C$16) -> 5
A10: Ariana Grande | B10: =COUNTIF('Raw Data'!$C$5:$C$104,$A10) -> 2 | C10: =SUMIF('Raw Data'!$C$5:$C$104,$A10,'Raw Data'!$D$5:$D$104) -> 3.61 | D10: =C10/B10 -> 1.805 | E10: =AVERAGEIF('Raw Data'!$C$5:$C$104,$A10,'Raw Data'!$F$5:$F$104) -> 142 | F10: =AVERAGEIF('Raw Data'!$C$5:$C$104,$A10,'Raw Data'!$J$5:$J$104) -> 0.69 | G10: =C10/SUM('Raw Data'!$D$5:$D$104) -> 0.021953296 | H10: =RANK(C10,$C$5:$C$16) -> 6
A11: Miley Cyrus | B11: =COUNTIF('Raw Data'!$C$5:$C$104,$A11) -> 2 | C11: =SUMIF('Raw Data'!$C$5:$C$104,$A11,'Raw Data'!$D$5:$D$104) -> 3.24 | D11: =C11/B11 -> 1.62 | E11: =AVERAGEIF('Raw Data'!$C$5:$C$104,$A11,'Raw Data'!$F$5:$F$104) -> 95 | F11: =AVERAGEIF('Raw Data'!$C$5:$C$104,$A11,'Raw Data'!$J$5:$J$104) -> 0.55 | G11: =C11/SUM('Raw Data'!$D$5:$D$104) -> 0.019703235 | H11: =RANK(C11,$C$5:$C$16) -> 7
A12: Olivia Rodrigo | B12: =COUNTIF('Raw Data'!$C$5:$C$104,$A12) -> 2 | C12: =SUMIF('Raw Data'!$C$5:$C$104,$A12,'Raw Data'!$D$5:$D$104) -> 3.22 | D12: =C12/B12 -> 1.61 | E12: =AVERAGEIF('Raw Data'!$C$5:$C$104,$A12,'Raw Data'!$F$5:$F$104) -> 119.5 | F12: =AVERAGEIF('Raw Data'!$C$5:$C$104,$A12,'Raw Data'!$J$5:$J$104) -> 0.575 | G12: =C12/SUM('Raw Data'!$D$5:$D$104) -> 0.01958161 | H12: =RANK(C12,$C$5:$C$16) -> 8
A13: Justin Bieber | B13: =COUNTIF('Raw Data'!$C$5:$C$104,$A13) -> 2 | C13: =SUMIF('Raw Data'!$C$5:$C$104,$A13,'Raw Data'!$D$5:$D$104) -> 2.79 | D13: =C13/B13 -> 1.395 | E13: =AVERAGEIF('Raw Data'!$C$5:$C$104,$A13,'Raw Data'!$F$5:$F$104) -> 96 | F13: =AVERAGEIF('Raw Data'!$C$5:$C$104,$A13,'Raw Data'!$J$5:$J$104) -> 0.65 | G13: =C13/SUM('Raw Data'!$D$5:$D$104) -> 0.016966675 | H13: =RANK(C13,$C$5:$C$16) -> 9
A14: Post Malone & Swae Lee | B14: =COUNTIF('Raw Data'!$C$5:$C$104,$A14) -> 1 | C14: =SUMIF('Raw Data'!$C$5:$C$104,$A14,'Raw Data'!$D$5:$D$104) -> 2.78 | D14: =C14/B14 -> 2.78 | E14: =AVERAGEIF('Raw Data'!$C$5:$C$104,$A14,'Raw Data'!$F$5:$F$104) -> 93 | F14: =AVERAGEIF('Raw Data'!$C$5:$C$104,$A14,'Raw Data'!$J$5:$J$104) -> 0.76 | G14: =C14/SUM('Raw Data'!$D$5:$D$104) -> 0.016905862 | H14: =RANK(C14,$C$5:$C$16) -> 10
A15: Drake | B15: =COUNTIF('Raw Data'!$C$5:$C$104,$A15) -> 1 | C15: =SUMIF('Raw Data'!$C$5:$C$104,$A15,'Raw Data'!$D$5:$D$104) -> 2.72 | D15: =C15/B15 -> 2.72 | E15: =AVERAGEIF('Raw Data'!$C$5:$C$104,$A15,'Raw Data'!$F$5:$F$104) -> 100 | F15: =AVERAGEIF('Raw Data'!$C$5:$C$104,$A15,'Raw Data'!$J$5:$J$104) -> 0.79 | G15: =C15/SUM('Raw Data'!$D$5:$D$104) -> 0.016540988 | H15: =RANK(C15,$C$5:$C$16) -> 11
A16: The Kid LAROI & Justin Bieber | B16: =COUNTIF('Raw Data'!$C$5:$C$104,$A16) -> 1 | C16: =SUMIF('Raw Data'!$C$5:$C$104,$A16,'Raw Data'!$D$5:$D$104) -> 2.67 | D16: =C16/B16 -> 2.67 | E16: =AVERAGEIF('Raw Data'!$C$5:$C$104,$A16,'Raw Data'!$F$5:$F$104) -> 170 | F16: =AVERAGEIF('Raw Data'!$C$5:$C$104,$A16,'Raw Data'!$J$5:$J$104) -> 0.59 | G16: =C16/SUM('Raw Data'!$D$5:$D$104) -> 0.016236925 | H16: =RANK(C16,$C$5:$C$16) -> 12

Sheet Genre Analysis
A1: GENRE ANALYSIS
A2: 8 genre teratas berdasarkan total streams; sisanya (31 genre niche) digabung jadi "Lainnya"
A4: Genre | B4: Jumlah Lagu | C4: Total Streams (Miliar) | D4: Rata-rata BPM | E4: Share dari Total | F4: Rank
A5: Pop | B5: =COUNTIF('Raw Data'!$E$5:$E$104,$A5) -> 17 | C5: =SUMIF('Raw Data'!$E$5:$E$104,$A5,'Raw Data'!$D$5:$D$104) -> 29.2 | D5: =AVERAGEIF('Raw Data'!$E$5:$E$104,$A5,'Raw Data'!$F$5:$F$104) -> 105.17647 | E5: =C5/SUM('Raw Data'!$D$5:$D$104) -> 0.17757237 | F5: =RANK(C5,$C$5:$C$12) -> 1
A6: Indie Pop | B6: =COUNTIF('Raw Data'!$E$5:$E$104,$A6) -> 12 | C6: =SUMIF('Raw Data'!$E$5:$E$104,$A6,'Raw Data'!$D$5:$D$104) -> 19.52 | D6: =AVERAGEIF('Raw Data'!$E$5:$E$104,$A6,'Raw Data'!$F$5:$F$104) -> 109.25 | E6: =C6/SUM('Raw Data'!$D$5:$D$104) -> 0.11870591 | F6: =RANK(C6,$C$5:$C$12) -> 2
A7: Alt Rock | B7: =COUNTIF('Raw Data'!$E$5:$E$104,$A7) -> 7 | C7: =SUMIF('Raw Data'!$E$5:$E$104,$A7,'Raw Data'!$D$5:$D$104) -> 11.53 | D7: =AVERAGEIF('Raw Data'!$E$5:$E$104,$A7,'Raw Data'!$F$5:$F$104) -> 120.28571 | E7: =C7/SUM('Raw Data'!$D$5:$D$104) -> 0.07011676 | F7: =RANK(C7,$C$5:$C$12) -> 3 | I7: =TEXT(Dashboard!G17,"0.0")&" Miliar" -> 164 Miliar
A8: Synth-Pop | B8: =COUNTIF('Raw Data'!$E$5:$E$104,$A8) -> 6 | C8: =SUMIF('Raw Data'!$E$5:$E$104,$A8,'Raw Data'!$D$5:$D$104) -> 11.34 | D8: =AVERAGEIF('Raw Data'!$E$5:$E$104,$A8,'Raw Data'!$F$5:$F$104) -> 157 | E8: =C8/SUM('Raw Data'!$D$5:$D$104) -> 0.068961323 | F8: =RANK(C8,$C$5:$C$12) -> 4
A9: Hip-Hop | B9: =COUNTIF('Raw Data'!$E$5:$E$104,$A9) -> 7 | C9: =SUMIF('Raw Data'!$E$5:$E$104,$A9,'Raw Data'!$D$5:$D$104) -> 11.25 | D9: =AVERAGEIF('Raw Data'!$E$5:$E$104,$A9,'Raw Data'!$F$5:$F$104) -> 135.14286 | E9: =C9/SUM('Raw Data'!$D$5:$D$104) -> 0.068414011 | F9: =RANK(C9,$C$5:$C$12) -> 5
A10: Pop Rock | B10: =COUNTIF('Raw Data'!$E$5:$E$104,$A10) -> 6 | C10: =SUMIF('Raw Data'!$E$5:$E$104,$A10,'Raw Data'!$D$5:$D$104) -> 7.68 | D10: =AVERAGEIF('Raw Data'!$E$5:$E$104,$A10,'Raw Data'!$F$5:$F$104) -> 118.16667 | E10: =C10/SUM('Raw Data'!$D$5:$D$104) -> 0.046703965 | F10: =RANK(C10,$C$5:$C$12) -> 6
A11: EDM/Pop | B11: =COUNTIF('Raw Data'!$E$5:$E$104,$A11) -> 4 | C11: =SUMIF('Raw Data'!$E$5:$E$104,$A11,'Raw Data'!$D$5:$D$104) -> 7.14 | D11: =AVERAGEIF('Raw Data'!$E$5:$E$104,$A11,'Raw Data'!$F$5:$F$104) -> 110.25 | E11: =C11/SUM('Raw Data'!$D$5:$D$104) -> 0.043420092 | F11: =RANK(C11,$C$5:$C$12) -> 7
A12: Afrobeats/Pop | B12: =COUNTIF('Raw Data'!$E$5:$E$104,$A12) -> 2 | C12: =SUMIF('Raw Data'!$E$5:$E$104,$A12,'Raw Data'!$D$5:$D$104) -> 4.54 | D12: =AVERAGEIF('Raw Data'!$E$5:$E$104,$A12,'Raw Data'!$F$5:$F$104) -> 103 | E12: =C12/SUM('Raw Data'!$D$5:$D$104) -> 0.027608854 | F12: =RANK(C12,$C$5:$C$12) -> 8
A13: Lainnya (31 genre niche) | B13: =COUNTA('Raw Data'!$E$5:$E$104)-SUM(B5:B12) -> 39 | C13: =SUM('Raw Data'!$D$5:$D$104)-SUM(C5:C12) -> 62.24 | D13: =IFERROR((SUM('Raw Data'!$F$5:$F$104)-SUMPRODUCT($B$5:$B$12,$D$5:$D$12))/B13,0) -> 112.64103 | E13: =C13/SUM('Raw Data'!$D$5:$D$104) -> 0.37849672 | F13: -

Sheet Audio Features
A1: AUDIO FEATURES & BPM ANALYSIS
A2: Hubungan tempo (BPM) dan karakter audio dengan popularitas lagu
A4: DISTRIBUSI BERDASARKAN TEMPO (BPM)
A5: Rentang BPM | B5: Jumlah Lagu | C5: Rata-rata Streams (Miliar) | D5: Total Streams (Miliar) | E5: Share Lagu
A6: < 90 | B6: =COUNTIFS('Raw Data'!$F$5:$F$104,">="&0,'Raw Data'!$F$5:$F$104,"<"&90) -> 18 | C6: =IFERROR(AVERAGEIFS('Raw Data'!$D$5:$D$104,'Raw Data'!$F$5:$F$104,">="&0,'Raw Data'!$F$5:$F$104,"<"&90),0) -> 1.5361111 | D6: =IFERROR(SUMIFS('Raw Data'!$D$5:$D$104,'Raw Data'!$F$5:$F$104,">="&0,'Raw Data'!$F$5:$F$104,"<"&90),0) -> 27.65 | E6: =B6/COUNTA('Raw Data'!$B$5:$B$104) -> 0.18
A7: 90 - 109 | B7: =COUNTIFS('Raw Data'!$F$5:$F$104,">="&90,'Raw Data'!$F$5:$F$104,"<"&110) -> 34 | C7: =IFERROR(AVERAGEIFS('Raw Data'!$D$5:$D$104,'Raw Data'!$F$5:$F$104,">="&90,'Raw Data'!$F$5:$F$104,"<"&110),0) -> 1.7373529 | D7: =IFERROR(SUMIFS('Raw Data'!$D$5:$D$104,'Raw Data'!$F$5:$F$104,">="&90,'Raw Data'!$F$5:$F$104,"<"&110),0) -> 59.07 | E7: =B7/COUNTA('Raw Data'!$B$5:$B$104) -> 0.34 | I7: =TEXT(Dashboard!G17,"0.0")&" Miliar" -> 164 Miliar
A8: 110 - 129 | B8: =COUNTIFS('Raw Data'!$F$5:$F$104,">="&110,'Raw Data'!$F$5:$F$104,"<"&130) -> 16 | C8: =IFERROR(AVERAGEIFS('Raw Data'!$D$5:$D$104,'Raw Data'!$F$5:$F$104,">="&110,'Raw Data'!$F$5:$F$104,"<"&130),0) -> 1.651875 | D8: =IFERROR(SUMIFS('Raw Data'!$D$5:$D$104,'Raw Data'!$F$5:$F$104,">="&110,'Raw Data'!$F$5:$F$104,"<"&130),0) -> 26.43 | E8: =B8/COUNTA('Raw Data'!$B$5:$B$104) -> 0.16
A9: 130 - 149 | B9: =COUNTIFS('Raw Data'!$F$5:$F$104,">="&130,'Raw Data'!$F$5:$F$104,"<"&150) -> 15 | C9: =IFERROR(AVERAGEIFS('Raw Data'!$D$5:$D$104,'Raw Data'!$F$5:$F$104,">="&130,'Raw Data'!$F$5:$F$104,"<"&150),0) -> 1.4686667 | D9: =IFERROR(SUMIFS('Raw Data'!$D$5:$D$104,'Raw Data'!$F$5:$F$104,">="&130,'Raw Data'!$F$5:$F$104,"<"&150),0) -> 22.03 | E9: =B9/COUNTA('Raw Data'!$B$5:$B$104) -> 0.15
A10: 150+ | B10: =COUNTIFS('Raw Data'!$F$5:$F$104,">="&150,'Raw Data'!$F$5:$F$104,"<"&999) -> 17 | C10: =IFERROR(AVERAGEIFS('Raw Data'!$D$5:$D$104,'Raw Data'!$F$5:$F$104,">="&150,'Raw Data'!$F$5:$F$104,"<"&999),0) -> 1.7211765 | D10: =IFERROR(SUMIFS('Raw Data'!$D$5:$D$104,'Raw Data'!$F$5:$F$104,">="&150,'Raw Data'!$F$5:$F$104,"<"&999),0) -> 29.26 | E10: =B10/COUNTA('Raw Data'!$B$5:$B$104) -> 0.17
A13: RATA-RATA KARAKTER AUDIO: EXPLICIT VS CLEAN
A14: Kategori | B14: Jumlah Lagu | C14: Rata-rata Streams (Miliar) | D14: Rata-rata Danceability | E14: Rata-rata Energy
A15: Explicit | B15: =COUNTIF('Raw Data'!$I$5:$I$104,"Ya") -> 13 | C15: =AVERAGEIF('Raw Data'!$I$5:$I$104,"Ya",'Raw Data'!$D$5:$D$104) -> 1.7115385 | D15: =AVERAGEIF('Raw Data'!$I$5:$I$104,"Ya",'Raw Data'!$J$5:$J$104) -> 0.62 | E15: =AVERAGEIF('Raw Data'!$I$5:$I$104,"Ya",'Raw Data'!$K$5:$K$104) -> 0.62
A16: Clean (Non-Explicit) | B16: =COUNTIF('Raw Data'!$I$5:$I$104,"Tidak") -> 86 | C16: =AVERAGEIF('Raw Data'!$I$5:$I$104,"Tidak",'Raw Data'!$D$5:$D$104) -> 1.6248837 | D16: =AVERAGEIF('Raw Data'!$I$5:$I$104,"Tidak",'Raw Data'!$J$5:$J$104) -> 0.53313953 | E16: =AVERAGEIF('Raw Data'!$I$5:$I$104,"Tidak",'Raw Data'!$K$5:$K$104) -> 0.54546512
A19: RATA-RATA KESELURUHAN
A20: Metrik | B20: Rata-rata | C20: Min | D20: Max
A21: Danceability | B21: =AVERAGE('Raw Data'!$J$5:$J$104) -> 0.5397 | C21: =MIN('Raw Data'!$J$5:$J$104) -> 0.03 | D21: =MAX('Raw Data'!$J$5:$J$104) -> 0.86
A22: Energy | B22: =AVERAGE('Raw Data'!$K$5:$K$104) -> 0.5542 | C22: =MIN('Raw Data'!$K$5:$K$104) -> 0.03 | D22: =MAX('Raw Data'!$K$5:$K$104) -> 0.96
A23: Valence | B23: =AVERAGE('Raw Data'!$L$5:$L$104) -> 0.5047 | C23: =MIN('Raw Data'!$L$5:$L$104) -> 0.01 | D23: =MAX('Raw Data'!$L$5:$L$104) -> 0.96
A24: Acousticness | B24: =AVERAGE('Raw Data'!$M$5:$M$104) -> 0.1309 | C24: =MIN('Raw Data'!$M$5:$M$104) -> 0 | D24: =MAX('Raw Data'!$M$5:$M$104) -> 0.76

Sheet Year Trend
A1: YEAR TREND ANALYSIS
A2: Sebaran lagu Top 100 berdasarkan dekade rilis (1980-an s/d 2020-an)
A4: Dekade | B4: Jumlah Lagu | C4: Total Streams (Miliar) | D4: Rata-rata Streams/Lagu (Miliar) | E4: Share dari Total
A5: 1980-an | B5: =COUNTIFS('Raw Data'!$G$5:$G$104,">="&1980,'Raw Data'!$G$5:$G$104,"<"&1990) -> 1 | C5: =SUMIFS('Raw Data'!$D$5:$D$104,'Raw Data'!$G$5:$G$104,">="&1980,'Raw Data'!$G$5:$G$104,"<"&1990) -> 1.12 | D5: =IFERROR(C5/B5,0) -> 1.12 | E5: =B5/COUNTA('Raw Data'!$B$5:$B$104) -> 0.01
A6: 1990-an | B6: =COUNTIFS('Raw Data'!$G$5:$G$104,">="&1990,'Raw Data'!$G$5:$G$104,"<"&2000) -> 4 | C6: =SUMIFS('Raw Data'!$D$5:$D$104,'Raw Data'!$G$5:$G$104,">="&1990,'Raw Data'!$G$5:$G$104,"<"&2000) -> 5.02 | D6: =IFERROR(C6/B6,0) -> 1.255 | E6: =B6/COUNTA('Raw Data'!$B$5:$B$104) -> 0.04
A7: 2000-an | B7: =COUNTIFS('Raw Data'!$G$5:$G$104,">="&2000,'Raw Data'!$G$5:$G$104,"<"&2010) -> 4 | C7: =SUMIFS('Raw Data'!$D$5:$D$104,'Raw Data'!$G$5:$G$104,">="&2000,'Raw Data'!$G$5:$G$104,"<"&2010) -> 5.57 | D7: =IFERROR(C7/B7,0) -> 1.3925 | E7: =B7/COUNTA('Raw Data'!$B$5:$B$104) -> 0.04 | I7: =TEXT(Dashboard!G17,"0.0")&" Miliar" -> 164 Miliar
A8: 2010-an | B8: =COUNTIFS('Raw Data'!$G$5:$G$104,">="&2010,'Raw Data'!$G$5:$G$104,"<"&2020) -> 54 | C8: =SUMIFS('Raw Data'!$D$5:$D$104,'Raw Data'!$G$5:$G$104,">="&2010,'Raw Data'!$G$5:$G$104,"<"&2020) -> 98.34 | D8: =IFERROR(C8/B8,0) -> 1.8211111 | E8: =B8/COUNTA('Raw Data'!$B$5:$B$104) -> 0.54
A9: 2020-an | B9: =COUNTIFS('Raw Data'!$G$5:$G$104,">="&2020,'Raw Data'!$G$5:$G$104,"<"&2030) -> 37 | C9: =SUMIFS('Raw Data'!$D$5:$D$104,'Raw Data'!$G$5:$G$104,">="&2020,'Raw Data'!$G$5:$G$104,"<"&2030) -> 54.39 | D9: =IFERROR(C9/B9,0) -> 1.47 | E9: =B9/COUNTA('Raw Data'!$B$5:$B$104) -> 0.37

Sheet Summary
A1: EXECUTIVE SUMMARY
A2: Ringkasan temuan analisis Spotify Top 100 All-Time
A4: KEY METRICS | F4: TOP PERFORMERS
A5: Metrik | B5: Hasil | F5: Item | G5: Hasil
A6: Total Lagu | B6: =COUNTA('Raw Data'!B5:B104) -> 100 | F6: Artis #1 (Streams) | G6: ='Artist Analysis'!A5 -> Ed Sheeran
A7: Total Artis Unik | B7: =Dashboard!D17 -> 80 | F7: Genre Terpopuler | G7: ='Genre Analysis'!A5 -> Pop | I7: =TEXT(Dashboard!G17,"0.0")&" Miliar" -> 164 Miliar
A8: Total Streams (Miliar) | B8: =SUM('Raw Data'!D5:D104) -> 164.44 | F8: Lagu dengan Streams Tertinggi | G8: =INDEX('Raw Data'!B5:B104,MATCH(MAX('Raw Data'!D5:D104),'Raw Data'!D5:D104,0)) -> Blinding Lights
A9: Rata-rata Streams/Lagu (Miliar) | B9: =AVERAGE('Raw Data'!D5:D104) -> 1.6444 | F9: BPM Sweet Spot (Rata-rata Streams Tertinggi) | G9: 90-109 BPM
A10: Rata-rata BPM | B10: =AVERAGE('Raw Data'!F5:F104) -> 115.78
A11: Rentang Tahun Rilis | B11: ="1985 - 2024" -> 1985 - 2024
A13: OBSERVATIONS
A14: Tempo Ideal: Tempo 90 hingga 109 BPM adalah titik terbaik komersial. Sebanyak 34 dari 100 lagu berada di rentang ini dengan rata-rata streams tertinggi sebesar 1,74 Miliar dibandingkan rentang tempo lain. Lagu yang terlalu cepat yaitu di atas 150 BPM atau terlalu lambat yaitu di bawah 90 BPM sama-sama punya rata-rata streams lebih rendah.
A17: Lagu Eksplisit: Lagu eksplisit sebanyak 13 lagu justru punya rata-rata streams sedikit lebih tinggi sebesar 1,71 Miliar dibandingkan lagu non-eksplisit sebesar 1,63 Miliar. Hal ini bertentangan dengan asumsi umum bahwa konten eksplisit membatasi jangkauan pendengar.
A19: Tren Dekade: Dekade 2010-an mendominasi dengan 54 lagu dan 98,3 Miliar streams atau sekitar 60% dari total. Era tersebut menjadi waktu booming streaming musik. Namun, dekade 2020-an sudah mengejar cepat dengan 37 lagu dalam rentang waktu jauh lebih singkat dan sudah mengumpulkan 54,4 Miliar streams. Hal ini menunjukkan akselerasi konsumsi musik yang makin cepat dari tahun ke tahun.
A22: Dominasi Artis: Lima artis teratas yaitu Ed Sheeran, Harry Styles, The Weeknd, Imagine Dragons, dan Taylor Swift menyumbang gabungan sekitar 21% dari total streams Top 100. Meski masing-masing cuma menyumbang 2 hingga 5 lagu, dominasi mereka menunjukkan efek superstar di industri musik streaming.
A24: Pangsa Pasar Genre: Genre Pop dan Indie Pop bersama-sama menguasai 29,6% dari total streams dengan rincian 17,8% dan 11,9%. Sementara 31 genre minor lainnya berbagi porsi 37,8% sisanya. Angka ini membuktikan pasar musik arus utama tetap didominasi segelintir genre besar.

Sheet Calculations
A1: CALCULATIONS
A2: Tabel bantu yang menyalurkan data ke chart di Dashboard
A4: Top 10 Artis (Streams) | D4: Genre Breakdown | G4: Tren per Dekade | J4: Distribusi BPM | M4: BPM vs Streams (Data Mentah) | P4: Donut Gauge Data
A5: Artis | B5: Streams (Miliar) | D5: Genre | E5: Streams (Miliar) | G5: Dekade | H5: Total Streams (Miliar) | J5: Rentang BPM | K5: Jumlah Lagu | M5: BPM | N5: Streams (Miliar) | P5: Danceability | Q5: =ROUND(AVERAGE('Raw Data'!J5:J104)*100,0) -> 54 | R5: =100-Q5 -> 46
A6: ='Artist Analysis'!A5 -> Ed Sheeran | B6: ='Artist Analysis'!C5 -> 9.52 | D6: ='Genre Analysis'!A5 -> Pop | E6: ='Genre Analysis'!C5 -> 29.2 | G6: ='Year Trend'!A5 -> 1980-an | H6: ='Year Trend'!C5 -> 1.12 | J6: ='Audio Features'!A6 -> < 90 | K6: ='Audio Features'!B6 -> 18 | M6: ='Raw Data'!F5 -> 171 | N6: ='Raw Data'!D5 -> 3.26 | P6: Energy | Q6: =ROUND(AVERAGE('Raw Data'!K5:K104)*100,0) -> 55 | R6: =100-Q6 -> 45
A7: ='Artist Analysis'!A6 -> Harry Styles | B7: ='Artist Analysis'!C6 -> 7.58 | D7: ='Genre Analysis'!A6 -> Indie Pop | E7: ='Genre Analysis'!C6 -> 19.52 | G7: ='Year Trend'!A6 -> 1990-an | H7: ='Year Trend'!C6 -> 5.02 | I7: =TEXT(Dashboard!G17,"0.0")&" Miliar" -> 164 Miliar | J7: ='Audio Features'!A7 -> 90 - 109 | K7: ='Audio Features'!B7 -> 34 | M7: ='Raw Data'!F6 -> 96 | N7: ='Raw Data'!D6 -> 2.49 | P7: % Explicit | Q7: =ROUND(COUNTIF('Raw Data'!I5:I104,"Ya")/COUNTA('Raw Data'!I5:I104)*100,0) -> 13 | R7: =100-Q7 -> 87
A8: ='Artist Analysis'!A7 -> The Weeknd | B8: ='Artist Analysis'!C7 -> 7.4 | D8: ='Genre Analysis'!A7 -> Alt Rock | E8: ='Genre Analysis'!C7 -> 11.53 | G8: ='Year Trend'!A7 -> 2000-an | H8: ='Year Trend'!C7 -> 5.57 | J8: ='Audio Features'!A8 -> 110 - 129 | K8: ='Audio Features'!B8 -> 16 | M8: ='Raw Data'!F7 -> 77 | N8: ='Raw Data'!D7 -> 2.45
A9: ='Artist Analysis'!A8 -> Imagine Dragons | B9: ='Artist Analysis'!C8 -> 6.19 | D9: ='Genre Analysis'!A8 -> Synth-Pop | E9: ='Genre Analysis'!C8 -> 11.34 | G9: ='Year Trend'!A8 -> 2010-an | H9: ='Year Trend'!C8 -> 98.34 | J9: ='Audio Features'!A9 -> 130 - 149 | K9: ='Audio Features'!B9 -> 15 | M9: ='Raw Data'!F8 -> 93 | N9: ='Raw Data'!D8 -> 2.78
A10: ='Artist Analysis'!A9 -> Taylor Swift | B10: ='Artist Analysis'!C9 -> 4.77 | D10: ='Genre Analysis'!A9 -> Hip-Hop | E10: ='Genre Analysis'!C9 -> 11.25 | G10: ='Year Trend'!A9 -> 2020-an | H10: ='Year Trend'!C9 -> 54.39 | J10: ='Audio Features'!A10 -> 150+ | K10: ='Audio Features'!B10 -> 17 | M10: ='Raw Data'!F9 -> 100 | N10: ='Raw Data'!D9 -> 2.72
A11: ='Artist Analysis'!A10 -> Ariana Grande | B11: ='Artist Analysis'!C10 -> 3.61 | D11: ='Genre Analysis'!A10 -> Pop Rock | E11: ='Genre Analysis'!C10 -> 7.68 | M11: ='Raw Data'!F10 -> 170 | N11: ='Raw Data'!D10 -> 2.67
A12: ='Artist Analysis'!A11 -> Miley Cyrus | B12: ='Artist Analysis'!C11 -> 3.24 | D12: ='Genre Analysis'!A11 -> EDM/Pop | E12: ='Genre Analysis'!C11 -> 7.14 | M12: ='Raw Data'!F11 -> 125 | N12: ='Raw Data'!D11 -> 2.56
A13: ='Artist Analysis'!A12 -> Olivia Rodrigo | B13: ='Artist Analysis'!C12 -> 3.22 | D13: ='Genre Analysis'!A12 -> Afrobeats/Pop | E13: ='Genre Analysis'!C12 -> 4.54 | M13: ='Raw Data'!F12 -> 159 | N13: ='Raw Data'!D12 -> 2.52
A14: ='Artist Analysis'!A13 -> Justin Bieber | B14: ='Artist Analysis'!C13 -> 2.79 | D14: ='Genre Analysis'!A13 -> Lainnya (31 genre niche) | E14: ='Genre Analysis'!C13 -> 62.24 | M14: ='Raw Data'!F13 -> 98 | N14: ='Raw Data'!D13 -> 2.49
A15: ='Artist Analysis'!A14 -> Post Malone & Swae Lee | B15: ='Artist Analysis'!C14 -> 2.78 | M15: ='Raw Data'!F14 -> 100 | N15: ='Raw Data'!D14 -> 2.45
M16: ='Raw Data'!F15 -> 117 | N16: ='Raw Data'!D15 -> 2.42
M17: ='Raw Data'!F16 -> 95 | N17: ='Raw Data'!D16 -> 2.38
M18: ='Raw Data'!F17 -> 95 | N18: ='Raw Data'!D17 -> 2.35
M19: ='Raw Data'!F18 -> 103 | N19: ='Raw Data'!D18 -> 2.32
M20: ='Raw Data'!F19 -> 80 | N20: ='Raw Data'!D19 -> 1.84
M21: ='Raw Data'!F20 -> 135 | N21: ='Raw Data'!D20 -> 2.17
M22: ='Raw Data'!F21 -> 73 | N22: ='Raw Data'!D21 -> 2.14
M23: ='Raw Data'!F22 -> 121 | N23: ='Raw Data'!D22 -> 2.11
M24: ='Raw Data'!F23 -> 91 | N24: ='Raw Data'!D23 -> 2.08
M25: ='Raw Data'!F24 -> 96 | N25: ='Raw Data'!D24 -> 2.05
M26: ='Raw Data'!F25 -> 174 | N26: ='Raw Data'!D25 -> 2.02
M27: ='Raw Data'!F26 -> 114 | N27: ='Raw Data'!D26 -> 1.99
... M105: ='Raw Data'!F104 -> 160 | N105: ='Raw Data'!D104 -> 0.66
